expression,reading,eng_meaning,chi_meaning,level,guid
ああ,ああ,"Ah!, Oh!",啊！哦！,N5,HI-.Ij?HS~
会う,あう,"to meet, to see",見面，看,N5,kupB!kWE}<
青,あお,blue,藍色的,N5,HB)I{+$j.i
青い,あおい,blue,藍色的,N5,q(A)lc.Kr8
赤,あか,red,紅色的,N5,y!Fn9IOz@J
赤い,あかい,red,紅色的,N5,D`aKGX2j!#
明るい,あかるい,bright (in reference to personality or weather); cheerful,開朗（指性格或天氣）；快樂,N5,m>)z8|k.>J
秋,あき,fall (season),秋季（季節）,N5,H~$iS3{X?*
開く,あく,"to open, to become open",打開，變得開放,N5,m[4![DH*c~
開ける,あける,to open (v.t.),打開（及物動詞）,N5,y.#AVx@-k>
上げる,あげる,"to raise, to lift",舉起，抬起,N5,Hp0]9?Ae.w
朝,あさ,morning,早晨,N5,g|Q>VbnCii
朝御飯,あさごはん,breakfast,早餐,N5,wWUR=G6*(U
明後日,あさって,day after tomorrow,後天,N5,mF[0Aq7|V7
足; 脚,あし,foot; leg,腳；腿,N5,m.INsC.wC2
明日,あした,tomorrow,明天,N5,xZI7N3AauN
あそこ,あそこ,"there, over there, that place",那裡，那邊，那個地方,N5,P>AI.lx+Jq
遊ぶ,あそぶ,to play; to spend time pleasantly; to hang out,玩耍；愉快地消磨時光；閒逛,N5,e<h|f2`;&
暖かい,あたたかい,warm,溫暖的,N5,tk[pUMy0{i
頭,あたま,head,頭,N5,DaKiPvzaex
新しい,あたらしい,new,新的,N5,h)6JB@Q5Rj
あちら,あちら,this way (polite),這樣（禮貌地）,N5,h{rLO32/d4
暑い,あつい,"hot (in reference to weather), warm",炎熱（指天氣），溫暖,N5,"gSl8i,<}^I"
熱い,あつい,hot (objects),熱（物體）,N5,Gy7fB=0YXx
厚い,あつい,"kind, warm(hearted), thick, deep",善良的，熱情的，厚實的，深沉的,N5,v[2GvOysf?
あっち,あっち,over there,在那邊,N5,Pv=fA$Z6K5
後,あと,afterwards (later); in the future; the rest; since then,之後；將來；其餘的；從那時起,N5,"r-[yF55!,-"
あなた,あなた,you,你,N5,"dwd.i?n%,!"
兄,あに,(my) older brother (humble),（我的）哥哥（謙虛的）,N5,L}%Kue=51s
姉,あね,(my) older sister (humble),我的姐姐（謙虛）,N5,IX6p9}CO.e
アパート,アパート,apartment (abbr.),公寓（縮寫）,N5,wZ/2ki)d+f
あの,あの,"that over there; like that, that way; um...",那邊；像那樣，往那邊走；嗯…,N5,B2LX%goFyX
浴びる,あびる,"to bathe, to shower",洗澡，淋浴,N5,b2.2F3UI=#
危ない,あぶない,"dangerous, critical",危險的，關鍵的,N5,kjgRC;INvI
甘い,あまい,"generous, sweet",慷慨、甜美,N5,jcM!HlCL`<
余り,あまり,not very; surplus,不太多；過剩,N5,"l$B(J(k,y1"
雨,あめ,rain,雨,N5,PaXlv})<8_
飴,あめ,(hard) candy,硬糖,N5,v}dp1l^X:W
洗う,あらう,to wash,洗滌,N5,H=[cc$xhzR
在る,ある,"to be, to have",存在，擁有,N5,w$Yz{uB@-`
有る,ある,"to be, to have",存在，擁有,N5,v`6i&kQMJj
歩く,あるく,to walk,行人徒步區,N5,"Kkagn,fSTU"
あれ,あれ,that one (over there),那個（那邊）,N5,Co(PaI(^/_
いい; よい,いい; よい,good,好的,N5,O(#?WJE%7H
いいえ,いいえ,"no, not at all",不，完全不是。,N5,"iO`r],Af`o"
言う,いう,to say,也就是說,N5,iurNhMLEpv
家,いえ,"house, home",房子，家,N5,QGc`#y1e97
いかが,いかが,"how, in what way",如何，以何種方式,N5,r5L~xW!JP9
行く,いく; ゆく,to go,去,N5,kJnXhXxW0)
いくつ,いくつ,"how many, how old",多少人，多大年紀,N5,mxf9)ZwbLi
いくら,いくら,"how much, how many",多少，多少個,N5,G7]VF2LkZL
池,いけ,pond,池塘,N5,"u8]?l[G,7&"
医者,いしゃ,doctor; physician,醫生；醫師,N5,"f&|8.,xzY9"
椅子,いす,chair,椅子,N5,Nxw^e{dZp(
忙しい,いそがしい,"busy (people, days)",忙碌（人，天）,N5,pTORshR]m|
痛い,いたい,hurt; painful; sore,疼痛；酸痛；酸痛,N5,O@@jk^&oQ8
一,いち,one,一,N5,C57gy_Lcmo
一日,いちにち,one day (duration),一天（時長）,N5,Q/Fb^F]yhk
一番,いちばん,"best (most), first, number one",最佳（最多），第一，排名第一,N5,y&ds7j((mb
いつ,いつ,when,什麼時候,N5,oGX1~x%YQo
五日,いつか,five days; fifth day of the month,五天；該月的第五天,N5,iii]i;bYjg
一緒,いっしょ,together,一起,N5,D>uK5dFJy^
五つ,いつつ,five things,五件事,N5,Q!*H:Q_rHO
いつも,いつも,"always, usually, every time, never (with neg. verb)",總是，通常，每次，從不（與否定動詞連用）,N5,BM|Xrf53.p
犬,いぬ,dog,狗,N5,"ktH(<>,fX+"
今,いま,now,現在,N5,N{Ld-iFO]H
意味,いみ,"meaning, significance",意義、重要性,N5,xQ(-U#d9Tp
妹,いもうと,younger sister (humble),妹妹（謙虛）,N5,BL_XI^txw+
嫌,いや,"disagreeable, detestable, unpleasant",令人不快的，可憎的，令人厭惡的,N5,pj6@51cCNZ
入口,いりぐち,entrance,入口,N5,"E5~,8$6,oj"
居る,いる,"(humble) to be (animate), to exist",（謙遜的）存在，有生命,N5,wfzvV]4NOO
要る,いる,to need,需要,N5,j|TF$iBC;9
入れる,いれる,to put in,放入,N5,swmy/(v]Eb
色,いろ,color,顏色,N5,"Epa;v6=%P,"
色々,いろいろ,various,各種各樣的,N5,jV7cB[WgxE
上,うえ,"above (up, top, etc.), over, on top of",上方（向上、頂部等），在…之上，在…之上,N5,"j3j@,T!uH>"
後ろ,うしろ,"back, behind, rear",後面，後方,N5,s:DnwS1iNM
薄い,うすい,"thin, weak",薄弱,N5,pRrb<$bzH|
歌,うた,a song,一首歌,N5,JJN9**Hn8A
歌う,うたう,to sing,唱歌,N5,AN4yH;7MHR
うち,うち,home; house; my place,家；房子；我的地方,N5,u5l2?%hKEd
生まれる,うまれる,to be born,出生,N5,i{d6CiQ#iK
海,うみ,"sea, beach",海灘,N5,Cla&e~|Y6P
売る,うる,to sell (v.t.),出售（動詞）,N5,nqk=gYOr|$
うるさい,うるさい,noisy; annoying,吵鬧的；煩人的,N5,fsH/V)BWD4
上着,うわぎ,"coat, jacket",外套，夾克,N5,nv?u]<OhhN
絵,え,a painting; a picture; a drawing,一幅畫；一幅圖畫；一幅畫,N5,E6H3mWmPF1
映画,えいが,"movie, film",電影，影片,N5,Q842_8x`<%
映画館,えいがかん,"movie theater, cinema",電影院，戲院,N5,tKa%gU>tYk
英語,えいご,English (language),英語）,N5,l~kTfp|Na~
ええ,ええ,yes,是的,N5,K4f;DsCIdC
駅,えき,station,車站,N5,EP[wTa2Y![
エレベーター,エレベーター,elevator,電梯,N5,GomZ-xrho6
～円,～えん,Yen,日元,N5,"rY,[_6)@&p"
鉛筆,えんぴつ,pencil,鉛筆,N5,ArKUTnLoi2
お～,お～,honorable ~ (honorific),尊敬的（尊貴的）,N5,Q1z/@I6[X=
美味しい,おいしい,"delicious, tasty",美味可口,N5,f%Oz)hC{aH
多い,おおい,many; there are a lot,很多；有很多,N5,CS_ZJ+i5[)
大きい,おおきい,"big, large",大的，大的,N5,N*s[nF-<Om
大きな,おおきな,big,大的,N5,"C@,$F5(H&S"
大勢,おおぜい,great number of people,很多人,N5,d_f[=H{F{<
お母さん,おかあさん,mother (formal),母親（正式）,N5,JmU7?0Aw7)
お菓子,おかし,"confections, sweets, snack",糖果、甜點、零食,N5,iY2$$8!fW<
お金,おかね,money,錢,N5,uh%`nh}D?M
起きる,おきる,"to get up (e.g., from sleeping); to happen",起床（例如，從睡夢中醒來）；發生,N5,i~#f<a525w
置く,おく,to put; to lay; to place,放置；放下；擺放,N5,"KTJ,/<Sfw7"
奥さん,おくさん,(someone else's) wife (hon.),（別人的）妻子（尊敬的）,N5,raj<Z6u7R]
お酒,おさけ,sake; alcohol,清酒；酒精,N5,BPnYG]G`g3
お皿,おさら,"plate, dish",盤子，碟子,N5,"lNBs!SV,D!"
伯父; 叔父さん,おじさん,"uncle, middle-aged man",叔叔，中年男子,N5,s$4&3o9W|{
おじいさん,おじいさん,"grandfather, male senior citizen",祖父，男性老年,N5,OnBGSorIYO
教える,おしえる,"to teach, to inform, to instruct",教導，告知，指導,N5,&(rx8HabP
押す,おす,"to push, to press, to stamp (e.g., a passport)",推，按，蓋章（例如，護照）,N5,O7S.k1^4+9
遅い,おそい,slow; (to be) late,慢；遲到,N5,e`TVG4aTiS
お茶,おちゃ,(green) tea,（綠茶,N5,"o|6tDcd,cL"
お手洗い,おてあらい,"toilet, restroom, bathroom (lit., a place to wash one's hands)",廁所、洗手間、浴室（字面意思：洗手的地方）,N5,jX+//z~!X8
お父さん,おとうさん,father (formal),父親（正式）,N5,Kh?V(6)C|2
弟,おとうと,younger brother,弟弟,N5,"ht,o]F,GkV"
男,おとこ,"man, male",男性,N5,QC9-<k]D|G
男の子,おとこのこ,boy,男生,N5,mDCUq=3c&Y
一昨日,おととい,the day before yesterday,前天,N5,n^WNNS^t5D
おととし,おととし,year before last,前年,N5,"i$lVvl^Y,~"
大人,おとな,adult,成人,N5,F~j9Wag0^x
お腹,おなか,stomach,胃,N5,GVf+XC=Lx4
同じ,おなじ,"same, identical",相同，一模一樣,N5,FT1U+`d~$u
お兄さん,おにいさん,(someone else's) older brother (formal),（別人的）哥哥（正式）,N5,c-e]c9shpL
お姉さん,おねえさん,older sister (formal),姐姐（正式）,N5,"Q,2s6~F,9F"
伯母さん; 叔母さん,おばさん,aunt,阿姨,N5,fk]_fvvw.h
おばあさん,おばあさん,"grandmother, female senior-citizen",祖母，老年女性,N5,K7L64Zdx7D
お風呂,おふろ,a bath,洗澡,N5,btJ^oH!>Ob
お弁当,おべんとう,a boxed lunch,盒裝午餐,N5,ou=Mxez95b
覚える,おぼえる,"to learn, to commit to memory, to remember, to memorize",學習，記住，牢記，背誦,N5,k*NiP6Je8n
おまわりさん,おまわりさん,policeman (friendly term),警察（友善稱呼）,N5,kI/erxg?st
重い,おもい,heavy; serious,沉重的；嚴肅的,N5,n(}tZ@Uv29
面白い,おもしろい,"interesting, amusing",有趣，好笑,N5,"J&$%9x,#?>"
泳ぐ,およぐ,to swim,游泳,N5,bxmTHH/R3s
降りる,おりる,to get off,下車,N5,hM4FhZWg_/
終る,おわる,"to finish, to close",結束，收尾,N5,D_J6!H@vf*
音楽,おんがく,Music,音樂,N5,fcOO[?V993
女,おんな,"woman, female",女人，女性,N5,d3!7^Z7+&i
女の子,おんなのこ,girl,女孩,N5,n^ma[3kYmi
～回,～かい,counter for occurrences (~ times),出現次數計數器（~ 次）,N5,dwW`SX||PF
～階,～かい,counter for stories (floors) of a building,建築物樓層數的計數器,N5,x]4mRhDP?0
外国,がいこく,foreign country; abroad,外國；國外,N5,K:<1s^}$O$
外国人,がいこくじん,foreigner,外國人,N5,mxObbkK7.-
会社,かいしゃ,"company, corporation",公司、企業,N5,owc{ezB4?4
階段,かいだん,stairs,樓梯,N5,"ui<=#{,<U^"
買い物,かいもの,shopping,購物,N5,uV:`-T%Eq~
買う,かう,to buy,購買,N5,Q.3jlQZyvW
返す,かえす,to return something,歸還某物,N5,b+[+YOY+dv
帰る,かえる,"to go back, to go home, to return",回去，回家，返回,N5,HBCAN.he?j
顔,かお,face (body part),臉（身體部位）,N5,MGLL{4`mK@
かかる,かかる,"it takes (amount of time, money) (v.i.)",需要（一定量的時間、金錢）（不及物動詞）,N5,yajlZ<1W@=
鍵,かぎ,a lock; a key,鎖；鑰匙,N5,CBifo1C?=d
書く,かく,to write,寫,N5,ytOa}oy+zO
学生,がくせい,student,學生,N5,"JC,(K4dD=="
～か月,～かげつ,(number of) months,（個）月,N5,p^^qFJHF)[
掛ける,かける,"to put on (e.g., glasses); to hang (e.g., on a wall)",戴上（例如，眼鏡）；懸掛（例如，掛在牆上）,N5,J@I.fZoEvE
かける,かける,"to dial/call (e.g., phone); to sit down",撥打電話；坐下,N5,j[@hZ&;%2u
傘,かさ,"umbrella, parasol",雨傘，陽傘,N5,p_LV=Cf?pc
貸す,かす,to lend,借出,N5,yag&XA]F86
風,かぜ,"wind, breeze",風，微風,N5,wPz(SGuAqF
風邪,かぜ,"cold, flu",感冒、流感,N5,"G#zadB[Bd,"
方,かた,-- honorific form for 人 (ひと) --; way of doing,-- 人的敬語形式 (ひと) --;做事的方式,N5,GtdTiap.Os
家族,かぞく,"family, members of a family",家庭，家庭成員,N5,jwBW:Yf?[N
片仮名,かたかな,katakana,片假名,N5,y%B]18.T{|
～月,～がつ,month of year,一年中的某個月份,N5,x[qBqm:mer
学校,がっこう,a school,一所學校,N5,jMUlk]n4bL
カップ,カップ,cup,杯子,N5,N>J.3DDIIf
家庭,かてい,home; family,家；家庭,N5,K=/LkA^bE5
角,かど,"corner (e.g., desk, pavement)",角落（例如，桌子、人行道）,N5,NblB:vgsi`
かばん,かばん,"bag, basket",袋子、籃子,N5,M4T~@ehWYB
花瓶,かびん,(flower) vase,花瓶,N5,m<:4xC~U|%
かぶる,かぶる,"to wear, to put on (e.g., a hat on the head)",穿戴，戴上（例如，把帽子戴在頭上）,N5,"v~,/++9.ks"
紙,かみ,paper,紙,N5,BZj5w]P?W@
カメラ,カメラ,camera,相機,N5,m@gkXGnk1!
火曜日,かようび,Tuesday,週二,N5,rx9;D%FE+1
辛い,からい,hot and spicy; salty,辛辣；鹹味,N5,EjaGe<]5<&
体,からだ,body; health,身體；健康,N5,x=d[R_7msH
借りる,かりる,"to borrow, to owe",借貸，欠債,N5,EV_.CiOUqY
～がる,～がる,feel,感覺,N5,e--3P:#0au
軽い,かるい,"light, non-serious, minor",輕微、非嚴重、小,N5,"Q?,F=N/]i*"
カレー,カレー,curry (abbr. for curry and rice),咖哩（咖哩飯的縮寫）,N5,l)iLA}_6t!
カレンダー,カレンダー,calendar,日曆,N5,"H,vNs@Ml~$"
川; 河,かわ,river,河,N5,QzV_(D2VAO
～側,～がわ,~ side,~ 側面,N5,ks2wGx4U0-
可愛い,かわいい,"cute, adorable",可愛，萌萌噠,N5,"cM$xbG,Do&"
漢字,かんじ,kanji; Chinese character,漢字；中文字符,N5,"yx;[,(ZC<M"
木,き,"tree, wood, timber",樹、木材、木材,N5,"Pt,~h2%O9J"
黄色,きいろ,yellow,黃色的,N5,c$:@4*e3c*
黄色い,きいろい,yellow,黃色的,N5,yw~rIwG)7I
消える,きえる,"to vanish, to disappear",消失，消失,N5,Hl(tY84I}b
聞く,きく,"to hear, to listen, to ask",聽，傾聽，詢問,N5,CbCe+?lSS(
北,きた,north,北,N5,c_4*(T~qY|
ギター,ギター,guitar,吉他,N5,gl.RMMgxvn
汚い,きたない,"dirty, unclean, filthy",骯髒的，不潔的，污穢的,N5,gA&c1.)X%=
喫茶店,きっさてん,café,咖啡店,N5,b3?(}lhy[4
切手,きって,postal (postage) stamps,郵票,N5,GZ2eU+7^)f
切符,きっぷ,a ticket,一張票,N5,i@ntG+Gt0l
昨日,きのう,yesterday,昨天,N5,"mMKJxv#,<s"
九,きゅう,nine,九,N5,PCz+i!/c^t
牛肉,ぎゅうにく,beef,牛肉,N5,"HN>QIS,sa)"
牛乳,ぎゅうにゅう,milk,牛奶,N5,fkn+n(t~hl
今日,きょう,"today, this day",今天，這一天,N5,bCP{!%CS>.
教室,きょうしつ,classroom,課堂,N5,jd>*%:rgPV
兄弟,きょうだい,"siblings (humble), brothers and sisters",兄弟姊妹（謙遜的），兄弟姊妹們,N5,tg~Kr0A/Mn
去年,きょねん,last year,去年,N5,zrXmT>AI2s
嫌い,きらい,dislike,不喜歡,N5,"qw1}y,Um4C"
切る,きる,to cut; to hang up (a phone),掛斷；掛斷（電話）,N5,A;e]B2v]77
着る,きる,to put on (clothes above your waist); to wear,穿上（腰部以上的衣服）；穿戴,N5,g$-Eqb.V#N
綺麗,きれい,"pretty, clean, tidy",漂亮、乾淨、整潔,N5,y:f/R>36c4
キロ; キログラム,キロ; キログラム,(abbr.) kilo (kilogram),（縮寫）公斤（kilogram）,N5,"v,MI,fa=Pd"
キロ; キロメートル,キロ; キロメートル,(abbr.) kilo (kilometer),（縮寫）千（公里）,N5,I+%u|o<M9)
銀行,ぎんこう,bank,銀行,N5,dJzM6E^Crr
金曜日,きんようび,Friday,星期五,N5,H)-<3>G;wq
九,く,nine,九,N5,J.@??p5!Es
薬,くすり,medicine,藥物,N5,e<qA>@afcN
下さい,ください,(with te-form verb) please do for me,（動詞形式為te）請幫我做,N5,wZXS53y~A
果物,くだもの,fruit,水果,N5,"ff8}}%,}l0"
口,くち,job opening; mouth,招募資訊；口,N5,ODcS@5Ag5;
靴,くつ,"shoes, footwear",鞋子，鞋類,N5,n}XPqtAFrb
靴下,くつした,socks,襪子,N5,"m{wv6,~qH4"
国,くに,country; place of origin,國家；原產地,N5,qu43})1T{b
曇り,くもり,"cloudiness, cloudy weather",陰天,N5,"J%t?_,0ZZ)"
曇る,くもる,"to become cloudy, to become dim",變得陰沉，變得昏暗,N5,h68<#-5u4*
暗い,くらい,"dark, gloomy",陰暗、陰鬱,N5,l[W6inIL/c
～くらい; ぐらい,～くらい; ぐらい,approximate (quantity),大約（數量）,N5,i|aE4l1U6h
クラス,クラス,a class,一年級,N5,I|[#&/BoM*
グラム,グラム,gram,克,N5,wf@~Kdx9Mo
来る,くる,to come,即將到來,N5,t8%I(!NKuq
車,くるま,"car, vehicle",汽車，車輛,N5,Dp50G3U@L=
黒,くろ,black,黑色的,N5,eM3bqzySWE
黒い,くろい,black; dark,黑色；深色,N5,y`TB7E}KvC
警官,けいかん,police officer,警官,N5,r|k<lg[-^X
今朝,けさ,this morning,今晨,N5,Ojh!YT%>_O
消す,けす,"to erase, to delete, to turn off power",擦除、刪除、關機,N5,kyBQ8>]kOz
結構,けっこう,"splendid; enough, tolerably",極好的；夠了，勉強可以接受。,N5,OhYc[d+;sX
結婚,けっこん (する),marriage (get married),結婚,N5,yoFb9mQ>xx
月曜日,げつようび,Monday,週一,N5,py]#+qmS;#
玄関,げんかん,entrance (to a house or a building),（房屋或建築物的）入口,N5,nzna3U1d%4
元気,げんき,"health(y), energetic",健康，精力充沛,N5,C6oDoveAM%
～個,～こ,"counter for small items (e.g., fruits, cups)",用於存放小件物品（例如水果、杯子）的櫃檯,N5,"L)v,!KJ|+1"
五,ご,five,五,N5,CPX]&C<[AA
～語,～ご,"word, language",詞語，語言,N5,OS-NJNma:q
公園,こうえん,a park,公園,N5,"I!nU=ub,Sv"
交差点,こうさてん,intersection,路口,N5,fB2Ek#M/vd
紅茶,こうちゃ,black tea,紅茶,N5,k->[;qN`>7
交番,こうばん,police box,警亭,N5,Opg/[%q+N8
声,こえ,voice,嗓音,N5,In/Jo>[]?<
コート,コート,"coat; court (e.g., tennis)",外套；球場（例如，網球）,N5,"e4scbA,t~J"
コーヒー,コーヒー,coffee,咖啡,N5,d<P1^SSa-:
ここ,ここ,"here, this place",這裡，這個地方,N5,Lq)wtpkam*
午後,ごご,"afternoon, P.M.",下午，P.M.,N5,C_ZC&#?>G!
九日,ここのか,nine days; ninth day of the month,九天；該月的第九天,N5,l7hYJ[~^44
九つ,ここのつ,nine things,九件事,N5,DvF}1X8pH=
午前,ごぜん,"morning, A.M.",上午，上午,N5,ue~BwANA9n
答える,こたえる,"to answer, to reply",回答，回覆,N5,x<$h-)|1km
こちら,こちら,this person (polite); this way (polite),這個人（禮貌地）；這條路（禮貌地）,N5,A^:pzWeFGD
こっち,こっち,this person; this direction; this side,這個人；這個方向；這邊,N5,KZ(~KRGBCG
コップ,コップ,a tumbler; a glass,玻璃杯；玻璃,N5,fS_r5k@$Y6
今年,ことし,this year,今年,N5,F4V9w7@Age
言葉,ことば,language; word(s); expression(s),語言；詞語；表達方式,N5,EWtR7eO/R4
子供,こども,child(ren),孩子們）,N5,CU[{wZ(D{$
この,この,this,這,N5,pPsd:zD9O?
御飯,ごはん,rice (cooked); meal,米飯（熟的）；餐食,N5,biiyLkNokP
コピーする,コピーする,to copy,複製,N5,pIfdJ-gQ=x
困る,こまる,"to be bothered, to have difficulty",感到困擾，遇到困難,N5,QJ1l#P3oS5
これ,これ,this one,這個,N5,CY7%/#&PC;
～ころ; ～ごろ,～ころ; ～ごろ,"about, toward, approximately (time)",大約，朝向，大約（時間）,N5,ygFZGug3gm
今月,こんげつ,this month,本月,N5,m1R02~~j[
今週,こんしゅう,this week,本星期,N5,DK9g?(!36`
こんな,こんな,"such, like this",例如，像這樣,N5,DuEU98EMih
今晩,こんばん,"tonight, this evening",今晚，今晚,N5,F3};?W>+5Y
さあ,さあ,"come now, well",好了，好,N5,Ag`@=t><OI
～歳,～さい,~ years old,~歲,N5,yIt4LQzbb!
財布,さいふ,wallet,錢包,N5,xwbRMO4c<;
魚,さかな,fish,魚,N5,zzI@?Uq@Z[
先,さき,"future; recent, previous",將來式；最近的，過去的,N5,tGm0X7=@hF
咲く,さく,to bloom,盛開,N5,F>Pt~gStbR
作文,さくぶん,essay; composition,作文；作文,N5,fOn$od$Eoc
差す,さす,"to raise (stretch out) hands, to raise (e.g., umbrella)",舉起（伸出）雙手，舉起（例如，傘）,N5,b|c|&{UKxH
～冊,～さつ,counter for books,圖書櫃檯,N5,DJ:3n{-XN%
雑誌,ざっし,"magazine, journal",雜誌、期刊,N5,gVzfIhXfBF
砂糖,さとう,sugar,糖,N5,M]8mQGX#}E
寒い,さむい,cold (in reference to weather),寒冷（指天氣）,N5,x@[mMxA?Z}
さ来年,さらいねん,year after next,後年,N5,C4/Z2oi:V>
～さん,～さん,"Mr. ~, Ms. ~",先生/女士,N5,i|L#.MVmNG
三,さん,three,三,N5,jB}%X}YQ)P
散歩,さんぽ (する),"walk, stroll",散步、漫步,N5,C7E%FY>8|T
四,し,four,四,N5,q%G#*K^0R+
～時,～じ,~ o'clock (time),~ 點鐘（時間）,N5,m]7PVW-h[^
塩,しお,salt,鹽,N5,mQXb>=tTk}
しかし,しかし,however; but,然而；但是,N5,g2(en9wt=#
時間,じかん,time,時間,N5,rl<d#jP#zf
～時間,～じかん,~ hours,大約小時,N5,PfD-$$uDhD
仕事,しごと,"work, job, occupation, employment",工作、職業、就業,N5,BpR$XStq*~
辞書,じしょ,dictionary,字典,N5,Ls?+XP<x!7
静か,しずか,"quiet, calm",安靜，平靜,N5,P>BDZl[pK4
下,した,"under, below, beneath",下面，下方，在…之下,N5,j8V7%&V*V9
七,しち,seven,七,N5,d9Ei.i(]l3
質問,しつもん,"question, inquiry",問題、詢問,N5,hbG&tzjk([
自転車,じてんしゃ,bicycle,自行車,N5,cQ/jE!IBMW
自動車,じどうしゃ,automobile,汽車,N5,s>B81r@vvP
死ぬ,しぬ,to die,死亡,N5,DTv8zMSE:A
字引,じびき,dictionary,字典,N5,"q(KV,tLbs@"
自分,じぶん,"myself, oneself",我自己,N5,PVgO:!yY%&
閉まる,しまる,"to close, to be closed",關閉，被關閉,N5,gcQz%z-FEM
閉める,しめる,"to close, to shut",關閉，停下,N5,gf.^6?5[K1
締める,しめる,"to tie, to fasten, to tighten",係緊，固定，收緊,N5,zslBUbe/:)
じゃ; じゃあ,じゃ; じゃあ,"well, well then",好吧，好吧,N5,I*;H$6{i?j
写真,しゃしん,a picture; a photograph,圖片；照片,N5,uE&XA7mYm9
シャツ,シャツ,shirt,襯衫,N5,ubVcrQ$8%@
シャワー,シャワー,shower,淋浴,N5,op46S^HFU7
十,じゅう,ten,十,N5,t#RE}A*?;i
～中,～じゅう,"during, while",在……期間，,N5,GjJjAMMc<N
～週間,～しゅうかん,~ weeks,大約幾週,N5,B5/n=cEC&j
授業,じゅぎょう,a class (of school),（學校的）班級,N5,In^9^.q{~0
宿題,しゅくだい,homework,家庭作業,N5,PE;OT+iIoY
上手,じょうず,"be good at, skillful",擅長，熟練,N5,zE7uPe$TPk
丈夫,じょうぶ,"strong, solid, durable",堅固、結實、耐用,N5,"rzxPYrs,=L"
醤油,しょうゆ,soy sauce,醬油,N5,Cx=6Q3yGAf
食堂,しょくどう,"cafeteria, dining hall",自助餐廳，食堂,N5,q/e+PknS.X
知る,しる,"to know, to understand",了解，理解,N5,jmoS>4h`&Q
白,しろ,white,白色的,N5,?4vV_taj)
白い,しろい,white,白色的,N5,yL-#%FMe~@
～人,～じん,counter for people,人流計數器,N5,cRB`piJTT=
新聞,しんぶん,newspaper,報紙,N5,u)<uacY_Qa
水曜日,すいようび,Wednesday,週三,N5,kl%)(*`5]a
吸う,すう,"to breathe in, to suck",吸氣，吸氣,N5,wwi3CXCv2|
スカート,スカート,skirt,裙子,N5,NE$eFg+K&Y
好き,すき,"liking, fondness, love",喜歡、喜愛、愛,N5,B}kz{&9>=0
～すぎ,～すぎ,"past; to exceed, ~ too much",過去；超過，~ 太多,N5,D/A*oT1;-^
少ない,すくない,a little; a few,一點點；幾個,N5,O}E#|bt5>=
すぐに,すぐに,"immediately, soon",立即，很快,N5,c+_z#9>We^
少し,すこし,"little, few",少，很少,N5,LEWblI/l<)
涼しい,すずしい,"cool, refreshing (in reference to weather)",涼爽的，令人神清氣爽的（指天氣）,N5,y%0&)B2:*;
～ずつ,～ずつ,at a time,一次,N5,e7*dq)(1^5
ストーブ,ストーブ,heater (lit: stove),加熱器（字面意思：爐灶）,N5,xw_f78(-:7
スプーン,スプーン,spoon,湯匙,N5,FjQLk(n?P#
スポーツ,スポーツ,sport(s),運動的）,N5,F^wO!?E%?^
ズボン,ズボン,trousers,褲子,N5,"FU-<z{1,6("
住む,すむ,"to reside, to live in",居住，住在,N5,ym>?}%jeF+
する,する,"to do, to try; to wear small items (e.g., necktie, watch, etc.)",做，嘗試；佩戴小物件（例如領帶、手錶等）,N5,"LT|A_z,G+T"
座る,すわる,to sit,坐,N5,dn)bcr6wXa
背,せい,"(one's) height, stature",身高，體型,N5,xQDy{9R)S2
生徒,せいと,student; pupil,學生；學徒,N5,c2wTXo?)*o
セーター,セーター,sweater,毛衣,N5,NSeOhKH2D6
石鹸,せっけん,soap,肥皂,N5,tY/1~r6Mz5
背広,せびろ,men's suit,男士西裝,N5,w`:i7/YHYU
狭い,せまい,narrow; not spacious,狹窄；不寬敞,N5,yDZurM]5mn
ゼロ,ゼロ,zero,零,N5,G~4~zg|xJJ
千,せん,thousand,千,N5,IvU;IZmo9!
先月,せんげつ,last month,上個月,N5,RcD!zS6[>I
先週,せんしゅう,last week,上個星期,N5,EbyugR;^Rz
先生,せんせい,"teacher, professor; master; doctor",教師，教授；碩士；醫生,N5,A`19t`6J6t
洗濯,せんたく,"washing, laundry",洗滌、洗衣,N5,vQ&mbAJqN7
全部,ぜんぶ,"all, entire, whole",全部，整體，全然,N5,MgJu@!Fk&_
そう; そうです,そう; そうです,"yes; appears, to be the case",是的，看來確實如此。,N5,kkfDg[|_Yb
掃除,そうじ (する),"cleaning, sweeping",清潔，掃地,N5,LKKhbs9g8/
そうして; そして,そうして; そして,"and, like that",就這樣,N5,C/Lx0#`!+J
そこ,そこ,"that place, there; bottom, sole",那個地方，那裡；底部，鞋底,N5,v56KFY.>v@
そちら,そちら,over there,在那邊,N5,xbjis~A;+*
そっち,そっち,over there,在那邊,N5,#PXdxM^5L
外,そと,"outside, exterior",外面，外部,N5,AFB3>g85F]
その,その,that,那,N5,C2OIF=[)E_
そば,そば,"near, close, beside; Japanese traditional buckwheat noodle",附近，靠近，旁邊；日本傳統蕎麥麵,N5,M)]t*`<F@c
空,そら,sky,天空,N5,D.6b;1{88^
それ,それ,that one,那個,N5,t%n)3@@XX+
それから,それから,"and then, after that",然後，在那之後,N5,sV(hn]KLzr
それでは,それでは,"in that situation, well then...",在這種情況下，嗯…,N5,"v[]T|jw&,["
～台,～だい,counter for vehicles; machines,車輛計數器；機器,N5,ztM0ejgNN~
大学,だいがく,college; university,學院；大學,N5,kHyc<WfmUQ
大使館,たいしかん,embassy,大使館,N5,"n?Lz{tQ,#T"
大丈夫,だいじょうぶ,It's ok (all right); No need to worry; Everything is under control,沒事的；不用擔心；一切都在掌控之中。,N5,nEIlSJfx#r
大好き,だいすき,"very like-able, like very much",非常討人喜歡，非常喜歡,N5,"AZ,CM~A,0E"
大切,たいせつ,important,重要的,N5,tu70?MYeL5
台所,だいどころ,kitchen,廚房,N5,bbB25MOf:$
大変,たいへん,"very; difficult, hard",非常；困難，難,N5,NIbD<|-[1y
高い,たかい,"tall, high; expensive",高大的；昂貴的,N5,veG&GbRNS(
～だけ,～だけ,"only ~, just ~, as ~",只有~，就~，就像~,N5,Lcbr*3r3b5
沢山,たくさん,"many, much",許多，很多,N5,v7m[:9zL*Y
タクシー,タクシー,taxi,計程車,N5,k8!n/<-@<9
出す,だす,to take (something) out; to hand in (something),取出（某物）；提交（某物）,N5,bt0(EU(<V_
～たち,～たち,plural suffix,複數後綴,N5,Opbd!87m@p
立つ,たつ,to stand up,站起來,N5,z+IsiLqO4K
たて,たて,"length, height",長度，高度,N5,L8wVt#MfRS
建物,たてもの,building,大樓,N5,mty2M&KETp
楽しい,たのしい,"enjoyable, fun",令人愉快的,N5,eD~FeZpJXC
頼む,たのむ,"to request, to ask (a favor)",請求，請求（幫忙）,N5,zjk+2%xAp%
たばこ,たばこ,"tobacco, cigarettes",煙草，香煙,N5,y<?W4xcfCN
多分,たぶん,"perhaps, probably, maybe",或許，可能，也許,N5,pNDK+)ARo
食べ物,たべもの,food,食物,N5,ODKLC3jdI>
食べる,たべる,to eat,吃,N5,c.+pIV(7xY
卵,たまご,egg,蛋,N5,c|(S)f_).K
誰,だれ,who,世界衛生組織,N5,gDqm6J+#/O
誰か,だれか,someone,某人,N5,K{JPl*mB/&
誕生日,たんじょうび,birthday,生日,N5,HV8#h@HniT
段々,だんだん,"gradually, by degrees",逐漸地，一步一步地,N5,O8dRR}CL>
小さい,ちいさい,"small, little",小的，小的,N5,LNu9:vy!G1
小さな,ちいさな,"small, little",小的，小的,N5,lc*~Cd~D@4
近い,ちかい,"near, close by, short",近的，附近的，短的,N5,"ttC.1]n,0|"
違う,ちがう,to be different; to differ; wrong,不同；有差異；錯誤,N5,N2Hj9)qK/l
近く,ちかく,nearby; in the neighborhood,附近；在附近,N5,y)Y*_^+)&<
地下鉄,ちかてつ,"underground train, subway",地鐵，地鐵,N5,MEsyrZ*cPc
地図,ちず,a map,地圖,N5,dhY*~Tx!fs
父,ちち,(my) father,（我的父親,N5,QKI#T(oT`t
茶色,ちゃいろ,brown,棕色的,N5,h<Se0W>cwB
茶碗,ちゃわん,rice bowl,飯碗,N5,p6c8>jnMm!
～中,～ちゅう,"during, while ~ing",在…期間，同時~ing,N5,J]E)zcwU%w
丁度,ちょうど,"just, right, exactly",正好，沒錯，完全正確,N5,K@fxH}$AC8
ちょっと,ちょっと,"a little, somewhat; just a little, somewhat",有點，勉強；只是有點，勉強,N5,j)OcO!#[%u
一日,ついたち,one day; first day of the month,一天；月初的第一天,N5,qK&D4iveg
使う,つかう,to use,使用,N5,B(Ve/L8[z5
疲れる,つかれる,to get (become) tired; to become fatigued,感到疲倦；感到乏力,N5,Oil7l6nt$n
次,つぎ,next,下一個,N5,IPls}w5_e-
着く,つく,"to arrive at, to reach",到達，抵達,N5,hc-pfPX>PQ
机,つくえ,desk,桌子,N5,G!9kEn9Y>c
作る,つくる,"to make, to create",製造，創造,N5,dlanfH_M#M
つける,つける,"to turn on (e.g., a light); to take",打開（例如，打開燈）；拿走,N5,o}z*=/A8o~
勤める,つとめる,to work (for),為…工作,N5,xKU$$gsQPF
つまらない,つまらない,"boring, dull; insignificant",無聊的，乏味的；微不足道的,N5,HL~a;+T`kY
冷たい,つめたい,"cold (things, people)",冷（事物、人）,N5,v8vDEW[6Rh
強い,つよい,"strong, powerful",強壯有力,N5,d[wde~o@q(
手,て,hand,手,N5,CAHcCP96BY
テープ,テープ,tape,磁帶,N5,"H|,pBh(;BD"
テープレコーダー,テープレコーダー,tape recorder,錄音機,N5,izd^3[1~Pe
テーブル,テーブル,table,桌子,N5,n-.M5OZr5!
出かける,でかける,to go out; to depart,出去；離開,N5,Fx}b2N2gun
手紙,てがみ,letter,信,N5,M#PC#!OTka
できる,できる,to be able to (to accomplish),能夠（完成）,N5,vB~NGv+*>H
出口,でぐち,an exit,出口,N5,sv__368x5>
テスト,テスト,test,測試,N5,Lhy<!{J6SG
では,では,"then, well, so",那麼，嗯，就是這樣。,N5,NY{|SsdlKz
デパート,デパート,(abbr.) department store,（縮寫）百貨公司,N5,rd.b%pP~B0
でも,でも,"but, however",但是，,N5,izQ~3T7Pp}
出る,でる,"to appear, to leave",出現，離開,N5,A23ctPX1n^
テレビ,テレビ,"television, TV",電視，電視,N5,pQXZQB+G|d
天気,てんき,weather,天氣,N5,vm1l+4c[9
電気,でんき,"electricity, (electric) light",電，（電）光,N5,HsW5jIb;SC
電車,でんしゃ,electric train,電力列車,N5,e?+NxLTOv
電話,でんわ,a telephone,電話,N5,"Q,geq&8^pJ"
戸,と,door (Japanese style),門（日式）,N5,o.K?EMap~;
～度,～ど,counter for occurrences; ~ degree; ~ point,出現次數計數器；~ 度；~ 點,N5,K9|0UgYaJ_
ドア,ドア,door (Western style),門（西式）,N5,l[rk}4@PVD
トイレ,トイレ,bathroom; toilet,浴室；廁所,N5,hv_ThfFsjj
どう,どう,"how, in what way",如何，以何種方式,N5,FZt/a?Mnu^
どうして,どうして,"why, for what reason",為什麼？出於什麼原因？,N5,s<(2V@f6ff
どうぞ,どうぞ,"please, kindly, by all means",請務必這樣做,N5,CXiSJodxs@
動物,どうぶつ,animal,動物,N5,Q~mPY;2upw
どうも,どうも,Thank you; somehow; no matter how hard one may try,謝謝你；無論如何；無論一個人多努力,N5,"Maz]_B`w,4"
十,(〜を) とお,ten (~),十（~）,N5,BjWdBTc)9!
遠い,とおい,"far (away), distant",遙遠的,N5,Jl9yYXnyJ<
十日,とおか,ten days; tenth day of the month,十天；該月的第十天,N5,g[CNT&GA2[
～時,～とき,at the time of ~,在~的時候,N5,bGLp[lZC.;
時々,ときどき,sometimes,有時,N5,s+W64X?THZ
時計,とけい,a watch; a clock,手錶；鐘,N5,u/fL<ne:Cb
どこ,どこ,"where, what place",哪裡，什麼地方,N5,h_Fa6?Ps@9
所,ところ,place,地方,N5,J`^6YmuA-0
年,とし,"year, age",年，年齡,N5,N=hcG9wG3;
図書館,としょかん,library,圖書館,N5,mp0X0~7Y`^
どちら,どちら,which (one) (way); where (polite),哪條路？ （禮貌用語）,N5,pW(ud@AhIx
どっち,どっち,"which one, which way",哪個，哪條路,N5,"PxI,t`JQ.N"
とても,とても,"very (much), greatly, exceedingly",非常，極大，極其,N5,t]2-1h#)V/
どなた,どなた,who,世界衛生組織,N5,Ll)TbcW$yb
隣,となり,"next to, next door to",旁邊，隔壁,N5,GigT2yQ[2E
どの,どの,which,哪個,N5,H+g1ci<Mvc
飛ぶ,とぶ,"to fly, to hop",飛翔，跳躍,N5,wLF5gUV](>
止まる,とまる,to come to a halt,停止,N5,Q+OrrzleWd
友達,ともだち,friend,朋友,N5,E)w$/p&I#O
土曜日,どようび,Saturday,週六,N5,Q%+.*M.E9m
鳥,とり,"chicken (lit., bird)",雞（字面意思：鳥）,N5,lc>;F##&%m
鶏肉,とりにく,chicken meat,雞肉,N5,dL<c9&FvJF
取る,とる,to take (a class); to get (a grade),參加（課程）；獲得（成績）,N5,bLpD3ABv2g
撮る,とる,"to take (a photo), to make (a film)",拍攝（照片），製作（影片）,N5,w7O/i=vkEI
どれ,どれ,which one,哪一個,N5,icGG-;4x}M
どんな,どんな,"what, what kind of",什麼？什麼樣的？,N5,PZ~[>!hd8m
ない,ない,"there isn't, doesn't have",沒有，不具備,N5,I08@<2+DPk
ナイフ,ナイフ,knife,刀,N5,domhg)5M&Q
中,なか,"inside, middle, among",內部，中間，​​在…之間,N5,rVjcK=lE15
長い,ながい,"long, lengthy",長，冗長的,N5,EHO`14{d-(
鳴く,なく,to make sound (animal),發出聲音（動物）,N5,"ivpv*G,Zm%"
無くす,なくす,to lose something,失去某物,N5,dteDI+R~`W
なぜ,なぜ,why (same as どうして),為什麼（與どうして相同）,N5,Cvs*YiG5BD
夏,なつ,summer,夏天,N5,"P,[b8Eh|6R"
夏休み,なつやすみ,summer vacation,暑假,N5,D=cA)b0@~(
～など,～など,et cetera,等等,N5,"e(]O3py,;2"
七つ,ななつ,seven things,七件事,N5,G25u:w`9Xu
何,なん; なに,what,什麼,N5,g<hW@mElnM
七日,なのか,seven days; seventh day (of the month),七天；每月第七天,N5,I|+G2AT>J]
名前,なまえ,name,姓名,N5,e6o_CEx8)b
習う,ならう,to learn,學習,N5,iV+xor)WZT
並ぶ,ならぶ,"to line up, to stand in a line (v.i.)",排隊，排成一列（不及物動詞）,N5,nIHPO#>_}+
並べる,ならべる,to put (things) side by side; to line up,並排放置；排列,N5,n!B94UfoT6
なる,なる,to become,成為,N5,ukKTUxR2lk
何～,なん～,what sort of ~,什麼樣的~,N5,C!@pB0L*^>
二,に,two,二,N5,uzD!:&B)8|
にぎやか,にぎやか,"bustling, busy",熙熙攘攘，忙碌,N5,cIb<bg#^)L
肉,にく,meat,肉,N5,Go(gh2eIxK
西,にし,west,西方,N5,D!YA^58RBg
～日,～にち,"~ day of the month, for ~ days",每月某天，持續約幾天,N5,DbJ@Azg05L
日曜日,にちようび,Sunday,星期日,N5,XSi31p{-G
荷物,にもつ,luggage; baggage,行李；隨身行李,N5,MH72iI!<]q
ニュース,ニュース,news,訊息,N5,"iHtE.]1*,&"
庭,にわ,garden,花園,N5,f&>q3YTU?H
～人,～にん,counter for people,人流計數器,N5,FNnJ8yNPin
脱ぐ,ぬぐ,to take off (clothes),脫掉（衣服）,N5,cM_g)oAQIs
温い,ぬるい,lukewarm,溫,N5,"gfQAF/k(q,"
ネクタイ,ネクタイ,"tie, necktie",領帶,N5,AQO{m&veen
猫,ねこ,cat,貓,N5,x^.ijbc4Mz
寝る,ねる,to sleep; to go to sleep; to go to bed,睡覺；入睡；上床睡覺,N5,PAI>}YTMT!
～年,～ねん,~ years,~ 年,N5,"gYAXz}z6O,"
ノート,ノート,notebook,筆記本,N5,Go~p$PSFcm
登る,のぼる,to climb,攀爬,N5,unM=ha?S3d
飲み物,のみもの,"drink, beverage",飲料,N5,"k?X,84{EZ8"
飲む,のむ,to drink,喝,N5,C;cf;f4#r6
乗る,のる,"to get on, to ride in, to board",上車，乘坐，登車,N5,J~ykS_Bo0m
歯,は,tooth,齒,N5,J1;2F+tdr`
パーティー,パーティー,a party,聚會,N5,O}o_r|!syk
はい,はい,yes,是的,N5,Q.;:Q&Nmh}
～杯,～はい,counter for cupfuls,盃數計數器,N5,JTOz#Az0jW
灰皿,はいざら,ashtray,煙灰缸,N5,mAdBNp<Jp$
入る,はいる,"to enter, to contain, to hold",進入，包含，持有,N5,zZFQIc).TB
葉書,はがき,postcard,明信片,N5,jer83m7P=.
はく,はく,to put on (items below your waist),穿上（腰部以下的衣物）,N5,oRjJ`o{id)
箱,はこ,box,盒子,N5,D@BX&%Fydt
橋,はし,bridge,橋,N5,gMcz>SvPjQ
箸,はし,chopsticks,筷子,N5,vlWz[4OAnE
始まる,はじまる,(something) begins,（某事）開始,N5,g7#i$_:K%6
初め; 始め,はじめ,"beginning, start",開始,N5,Po{k$4o=i}
初めて,はじめて,for the first time,首次,N5,FM~Al0*F*3
走る,はしる,to run,運行,N5,"B)($ycG+,c"
バス,バス,bus; bath; bass,公共汽車；浴室；低音,N5,nF2zK|?mh~
バター,バター,butter,奶油,N5,bep_D~c3Ed
二十歳,はたち,20 years old,20歲,N5,"s,}HT(8Tzb"
働く,はたらく,to work,工作,N5,fCkP4x.Nco
八,はち,eight,八,N5,maEI.lHT3>
二十日,はつか,"twenty days, twentieth (day of the month)",二十天，二十日（每個月的第二十天）,N5,mmn=3%}>}J
花,はな,flower,花,N5,js_smr~4Ak
鼻,はな,nose,鼻子,N5,"Ft8Z7qnLG,"
話,はなし,"talk (chat), story",談話（聊天），故事,N5,A(<B}*ZSa_
話す,はなす,to speak,說話,N5,d]>`2&`x#1
母,はは,(my) mother,（我的母親,N5,I?S_Xs1PT;
早い,はやい,early,早期的,N5,J6yYVxGFN*
速い,はやい,"fast, quick",快速、迅速,N5,pfU@DZ;h3^
春,はる,spring,春天,N5,mlEwn=b[H<
貼る,はる,to post; to paste; to attach,發布；貼上；附加,N5,zI5j%aDV0.
晴れ,はれ,clear (sunny) weather,晴朗天氣,N5,nBD2D7_?kw
晴れる,はれる,to be sunny,陽光明媚,N5,ATM=j&::X;
半,はん,"half (e.g., にじはん | half-past two)",半（例如，にじはん | 兩點半）,N5,s%lRHov]`n
晩,ばん,evening,晚上,N5,hO?dVEN`5B
～番,～ばん,~st; ~th best,~st; ~th 最佳,N5,b/wgPDiVBg
パン,パン,bread,麵包,N5,FI2Z[9I*9Q
ハンカチ,ハンカチ,handkerchief,手帕,N5,yU4LCXkUnv
番号,ばんごう,"number, series of digits",數字，一系列數字,N5,c^xE))av$-
晩御飯,ばんごはん,"dinner, evening meal",晚餐，晚餐,N5,HihAr>C::*
半分,はんぶん,half,一半,N5,DN!/&cg9bL
東,ひがし,east,東方,N5,"pI3YEa2,3t"
～匹,～ひき,counter for small animals,小型動物計數器,N5,ivmKu+!yZ}
引く,ひく,"to pull, to draw; subtract",拉，抽；減去,N5,tVVM)ZI7wM
弾く,ひく,to play (a string instrument or piano),演奏（弦樂器或鋼琴）,N5,HK}b0#P-HS
低い,ひくい,"short, low",短，低,N5,BBr{:lP!;x
飛行機,ひこうき,airplane,飛機,N5,OUQ4o:]Va=
左,ひだり,left hand side,左側,N5,h_@t6d`1:*
人,ひと,"man, person",男人，人,N5,ya&#4:D}>{
一つ,ひとつ,one thing,一件事,N5,lMwiFE;gTW
一月,ひとつき,one month,一個月,N5,JU.k{Nz*{h
一人,ひとり,one person,一個人,N5,rOUMQ8LZ5<
暇,ひま,"free time, leisure",空閒時間，休閒,N5,urDxNZnrq<
百,ひゃく,hundred,百,N5,J;(UasY_=O
病院,びょういん,hospital,醫院,N5,<+#t;D=L-
病気,びょうき,illness; sickness,疾病；生病,N5,Ibs3I0!xB|
平仮名,ひらがな,hiragana,平假名,N5,k}y1F@5e8u
昼,ひる,"noon, daytime",中午，白天,N5,i8$:v@D8x1
昼御飯,ひるごはん,"lunch, midday meal",午餐，午餐,N5,JGK7M1P.PA
広い,ひろい,spacious; wide; broad,寬敞的；寬闊的；大,N5,nThxsh#3~a
フィルム,フィルム,film (roll of),膠卷,N5,w#JO*~D@<H
封筒,ふうとう,envelope,信封,N5,JaXU6BSc-h
プール,プール,swimming pool,游泳池,N5,J.!iKtAY)1
フォーク,フォーク,fork,叉,N5,Q#>HBX67;#
吹く,ふく,"to blow (wind, etc.)",吹（風等）,N5,mo@qiT7%d3
服,ふく,clothes,衣服,N5,G;N&<jI3Ep
二つ,ふたつ,two things,兩件事,N5,A@M*oG}Fjm
豚肉,ぶたにく,pork,豬肉,N5,N1fM*9;kPY
二人,ふたり,two people,兩個人,N5,yRF#3ntAGH
二日,ふつか,two days; second day of the month,兩天；該月的第二天,N5,dRYcz7jSL;
太い,ふとい,"fat, thick",肥厚,N5,LD`2@7dG9a
冬,ふゆ,winter,冬天,N5,reZ;<Y^{LL
降る,ふる,"to precipitate, to fall (e.g., rain, snow, etc.)",降水，落下（例如，雨、雪等）,N5,q(<}4NV?U@
古い,ふるい,"old (in reference to objects, not people), aged, ancient",古老的（指物品，而非人），古老的，古代的,N5,gH<g@fkLje
～分,～ふん,~ minutes,約分鐘,N5,chUnU+#xr]
文章,ぶんしょう,"sentence, text",句子，文本,N5,F&}@z14/*V
ページ,ページ,a page,一頁,N5,jR*]a[JBx$
下手,へた,"unskillful, poor",不熟練的，差的,N5,zx]n<UpO/Q
ベッド,ベッド,bed,床,N5,mm(#F~5?W7
ペット,ペット,pet,寵物,N5,Gm:f8t8t/V
部屋,へや,a room,一個房間,N5,"cB,rGZ.;c."
辺,へん,"area, vicinity",區域、附近,N5,"v^uJ@o,r7C"
ペン,ペン,pen,筆,N5,PpbmxKp]%S
勉強,べんきょう (する),study,學習,N5,P|N-mC4itp
便利,べんり,"convenient, handy",方便，實用,N5,NSM1sxi#q3
帽子,ぼうし,hat; cap,帽子；帽,N5,whud$h6Xsa
ボールペン,ボールペン,ball-point pen,原子筆,N5,A1a57pRAi*
外,ほか,"other, the rest",其他，其餘部分,N5,q-Rsw+YG/*
ポケット,ポケット,pocket,口袋,N5,PrdL>hhb^[
欲しい,ほしい,"to want, in need of",想要，需要,N5,"IB/)D,[pe$"
ポスト,ポスト,"mailbox; post, position",信箱；郵筒，位置,N5,CSDW$^FNBN
細い,ほそい,"thin, slender, fine",纖細、苗條、精緻,N5,zm=f9J*i)W
ボタン,ボタン,button,按鈕,N5,o=Cnvf:%>b
ホテル,ホテル,hotel,飯店,N5,n#S=W;:k;`
本,ほん,book,書,N5,PgM`&0<&bX
～本,～ほん,counter for long cylindrical things,長圓柱形物體的計數器,N5,Aln2n5Y6m$
本棚,ほんだな,bookshelf,書架,N5,LlS7xyP)^9
本当,ほんとう,"real, true",真實，真的,N5,mp{CGAM3}E
～枚,～まい,counter for flat things,平面物品的計數器,N5,eZ7Lx)q}m
毎朝,まいあさ,every morning,每天早上,N5,FY8YY]~jH+
毎月,まいげつ; まいつき,"every month, monthly",每個月，每月,N5,x6m6aNH)Wj
毎週,まいしゅう,every week,每週,N5,Lp7~a9~`1G
毎日,まいにち,every day,每天,N5,"b}uYG),?~1"
毎年,まいねん; まいとし,"every year, yearly, annually",每年，每年，每年,N5,cLTCt({=p{
毎晩,まいばん,every night,每晚,N5,s&rZqJP=be
前,まえ,"before, in front",之前，在前面,N5,AcNx(A=]3O
～前,～まえ,in front of ~,在 ~ 前面,N5,Jh#_2I1KK<
曲る,まがる,"to turn, to bend",轉動，彎曲,N5,fZb*Dqk8+n
まずい,まずい,"terrible (in reference to food), unappetizing, unpleasant (taste)",糟糕的（指食物），令人倒胃口的，難吃的（味道）,N5,y=A8n$:VZF
また,また,and; furthermore,而且；此外,N5,H#sUyG^B<2
まだ,まだ,"yet, still, besides",然而，除此之外,N5,xr/3DB/ghC
町,まち,town; city,城鎮；城市,N5,xztbV5AMZZ
待つ,まつ,to wait,等待,N5,N6<)T3m*1$
まっすぐ,まっすぐ,"straight (ahead), direct",直行（前方），直接,N5,o(%GCd@4cN
マッチ,マッチ,match,匹配,N5,r{cxPi6M{l
窓,まど,window,窗戶,N5,dZZ^@1iCkq
丸い; 円い,まるい,"round, circular",圓形的，圓的,N5,kXV&n*v-w~
万,まん,ten thousand,萬,N5,k%8Ts^<^Df
万年筆,まんねんひつ,fountain pen,鋼筆,N5,pjtI#>[G;I
磨く,みがく,to brush (teeth); to polish,刷牙；拋光,N5,f*XbBCL&y-
右,みぎ,right hand side,右側,N5,Dx]?1r0B)6
短い,みじかい,short (length),短（長度）,N5,CoDv|eMw1>
水,みず,water,水,N5,Psad>Q=[fe
店,みせ,"store, shop",商店，店鋪,N5,w{yPQLxrpZ
見せる,みせる,"to show, to display",顯示，展示,N5,u/XQDC4A&:
道,みち,"road, street; way, directions",道路，街道；方向,N5,g*1iadY2;L
三日,みっか,"three days, third day of the month",三天，本月第三天,N5,"BQ,4DuKr8>"
三つ,みっつ,three things,三件事,N5,E%f95v%koQ
緑,みどり,green,綠色的,N5,d@$Uu~dQl-
皆さん,みなさん,"all of you, everyone",你們所有人，各位,N5,xUxg44IBk/
南,みなみ,South,南,N5,tmB.Hd2Sk_
耳,みみ,ear,耳朵,N5,c2VG#0omOo
見る,みる,"to see, to look",去看，看,N5,LJ*9Zy3g--
みんな,みんな,"all, everyone, everybody",所有，每個人，所有人,N5,NO(9_g@4E)
六日,むいか,six days; sixth day of month,六天；該月的第六天,N5,cT@R(=%:PY
向こう,むこう,"beyond, over there",在那邊，那邊,N5,mQG@k1[%|C
難しい,むずかしい,difficult,難的,N5,cp|.gBg]*Y
六つ,むっつ,six things,六件事,N5,",[k`qyR3)"
村,むら,village,村莊,N5,INP.Ccu#He
目,め,eye(s),眼睛,N5,dhfW}%pIM+
メートル,メートル,meter,儀表,N5,BPMIO$2k{i
眼鏡,めがね,eye glasses,眼鏡,N5,OGc^3PJcd3
もう,もう,already; again; more,已經；再一次；更多,N5,C9[8>(KXKL
木曜日,もくようび,Thursday,週四,N5,k#-z20ZxXI
もしもし,もしもし,Hello? (used on the phone),你好？ （電話使用）,N5,nnhl#WnLYa
持つ,もつ,"to hold, to carry; to possess",持有，攜帶；擁有,N5,A&O@O/^cS;
もっと,もっと,more,更多的,N5,OqdI=b3^K`
物,もの,thing (concrete object),事物（具體物體）,N5,"z6=4|ALO,V"
門,もん,gate,門,N5,H&[yCKRvgq
問題,もんだい,a problem,問題,N5,Eh6&Bnk+Z%
～屋,～や,~ shop,~ 商店,N5,ht#2@^87+]
八百屋,やおや,greengrocer,蔬果店,N5,C[.TX0anRy
野菜,やさい,vegetable,蔬菜,N5,qVg2VfFKQ;
易しい,やさしい,"easy, plain, simple",簡單、樸素、簡單,N5,O&W|&R47Dm
安い,やすい,inexpensive; cheap (things),便宜的；廉價的（東西）,N5,ie=X%ZqpqO
休み,やすみ,holiday; day off; absence,假期；休息日；缺勤,N5,J*/c5_R!J=
休む,やすむ,"to rest, to have a break, to get time off",休息一下，放鬆放鬆，休假,N5,i~a&f>8]D[
八つ,やっつ,eight things,八件事,N5,F=`<QfuMn*
山,やま,mountain,山,N5,FM#``XMUDZ
やる,やる,"to do; to give (to pets, parents, siblings, etc.)",做；給予（給寵物、父母、兄弟姊妹等）,N5,"ee,Y5GOGX?"
夕方,ゆうがた,"late afternoon (typically just before dinner time), evening",傍晚時分（通常是晚餐前），晚上,N5,wr(&N+9Gfn
夕飯,ゆうはん,"dinner, supper, evening meal",晚餐、宵夜、晚餐,N5,x@-+;z#Bdx
郵便局,ゆうびんきょく,post office,郵局,N5,E9^vm]j#7*
昨夜,ゆうべ,last night,昨晚,N5,h5wsUbx`&$
有名,ゆうめい,famous,著名的,N5,cV2lu-%dm7
雪,ゆき,snow,雪,N5,jr0utv~KvB
ゆっくりと,ゆっくりと,"slowly, at ease",緩慢而輕鬆,N5,w_ef65R9#}
八日,ようか,eight days; eighth day of the month,八天；該月的第八天,N5,Fd}WQ7nZj^
洋服,ようふく,Western-style clothes,西式服裝,N5,uv*)pIfBA|
よく,よく,"frequently, often (much); well, skillfully",經常，頻繁（很多）；很好，熟練地,N5,Fz[l>+!/Hl
横,よこ,beside; side; width,旁邊；側邊；寬度,N5,C?K**~xaVS
四日,よっか,four days; fourth day of the month,四天；該月的第四天,N5,s(2D4IDk2]
四つ,よっつ,four things,四件事,N5,BL9b_E4!L$
呼ぶ,よぶ,to call (one's name); to invite,呼喚（某人的名字）；邀請,N5,zV4mur-%tO
読む,よむ,to read,閱讀,N5,G8F?CvYLz|
夜,よる,"evening, night",傍晚，夜晚,N5,lj*phUSR[b
弱い,よわい,weak,虛弱的,N5,x)3Ur1<az7
来月,らいげつ,next month,下個月,N5,O/Q*jP:8c|
来週,らいしゅう,next week,下週,N5,h}c~#8X!n;
来年,らいねん,next year,明年,N5,"mvNiHK,T4b"
ラジオ,ラジオ,radio,收音機,N5,wyqA~/nA@+
ラジオカセ,ラジオカセ,radio cassette player,收音機磁帶播放器,N5,"eBPF6I+,&0"
りっぱ,りっぱ,"splendid, fine",極好的，精美的,N5,J%`%&)W1.O
留学生,りゅうがくせい,international student,國際學生,N5,n89-KYTMQf
両親,りょうしん,"parents (lit., both parents)",父母（字面意思，父母雙方）,N5,L.[<hVhM?f
料理,りょうり,cooking; cuisine,烹飪；美食,N5,G!~TK}MKdj
旅行,りょこう,"travel, trip",旅行，旅程,N5,KmCEi1#qL@
零,れい,"zero, nought",零，無,N5,rc1t]Q^qI(
冷蔵庫,れいぞうこ,refrigerator,冰箱,N5,j*=Z=Hk4*w
レコード,レコード,record,記錄,N5,xn:3qV.c32
レストラン,レストラン,restaurant,餐廳,N5,s3y4P[QtRd
練習,れんしゅう (する),(to) practice,練習,N5,KaUYN0c91a
廊下,ろうか,corridor,走廊,N5,AsH$#BLZ{M
六,ろく,six,六,N5,w>WY?cJ:VM
ワイシャツ,ワイシャツ,"shirt (lit: white shirt), business shirt",襯衫（字面意思：白襯衫），商務襯衫,N5,x|nJIKNm*T
若い,わかい,young,年輕的,N5,xN9[eu+8aY
分かる,わかる,to understand,理解,N5,vF3#$3|-lu
忘れる,わすれる,to forget,忘記,N5,HW)xrzU[Z4
私,わたし,"I, myself",我，我自己,N5,I+Y7lySy.4
私,わたくし,"I (formal), myself, private affairs",我（正式地），我自己，私事,N5,m!I5:hHt<W
渡す,わたす,to hand (something) over (v.t.); to get across,交出（某物）；透過,N5,KvDHRUZ*r&
渡る,わたる,"to cross over, to go across",穿過，越過,N5,z9kLvI4/{d
悪い,わるい,"bad, sinful; inferior",壞的，有罪的；低劣的,N5,rxV$$v%QZ;